{"cameraMode":{"drawMode":0,"name":"Shaded","section":"Shading Mode"},"sceneLighting":false,"audioPlay":false,"sceneViewState":{"showFog":false,"showMaterialUpdate":false,"showSkybox":false,"showFlares":true,"showImageEffects":true,"showParticleSystems":true},"in2DMode":false,"pivot":{"x":-0.6200000047683716,"y":2.5999999046325685,"z":-0.3700000047683716},"rotation":{"x":-0.025705603882670404,"y":0.9741496443748474,"z":-0.16702847182750703,"w":-0.14991849660873414},"size":0.8660253882408142,"orthographic":false}