{"cameraMode":{"drawMode":0,"name":"Shaded","section":"Shading Mode"},"sceneLighting":false,"audioPlay":false,"sceneViewState":{"showFog":false,"showMaterialUpdate":false,"showSkybox":false,"showFlares":true,"showImageEffects":true,"showParticleSystems":true},"in2DMode":false,"pivot":{"x":-0.6200000047683716,"y":2.5999999046325685,"z":-0.3700000047683716},"rotation":{"x":0.17270676791667939,"y":-0.4785268306732178,"z":0.096600741147995,"w":0.8554954528808594},"size":0.8660253882408142,"orthographic":false}